1	0	1	0	11457	11457
1	11	12	0	11463	11463
12	8	9	0	11466	11466
11	0	1	0	11470	11470
13	0	1	0	11472	11472
1	2	3	0	11474	11474
0	11	12	0	11475	11475
5	0	1	0	11476	11476
12	10	11	0	11477	11477
10	0	1	0	11478	11478
1	9	10	0	11479	11479
5	5	6	0	11481	11481
6	9	10	0	11481	11481
6	13	14	0	11483	11483
13	4	5	0	11484	11484
0	0	1	0	11486	11486
3	1	2	0	11488	11488
1	14	15	0	11490	11490
1	4	5	0	11492	11492
13	13	14	0	11492	11492
11	6	7	0	11493	11493
5	3	4	0	11494	11494
6	12	13	0	11494	11494
12	5	6	0	11495	11495
1	10	11	0	11496	11496
0	8	9	0	11497	11497
11	11	12	0	11498	11498
12	0	1	0	11498	11498
5	4	5	0	11499	11499
9	3	4	0	11499	11499
12	11	12	0	11500	11500
1	7	8	0	11501	11501
10	1	2	0	11501	11501
5	15	16	0	11502	11502
12	1	2	0	11503	11503
1	12	13	0	11504	11504
13	5	6	0	11504	11504
0	9	10	0	11505	11505
6	6	7	0	11505	11505
11	1	2	0	11505	11505
12	15	16	0	11506	11506
5	9	10	0	11507	11507
6	14	15	0	11507	11507
8	4	5	0	11507	11507
13	2	3	0	11507	11507
5	14	15	0	11510	11510
13	15	16	0	11512	11512
0	2	3	0	11513	11513
5	1	2	0	11513	11513
9	13	14	0	11513	11513
5	8	9	0	11514	11514
6	1	2	0	11515	11515
9	7	8	0	11515	11515
11	15	16	0	11515	11515
0	14	15	0	11517	11517
11	5	6	0	11517	11517
5	12	13	0	11518	11518
5	2	3	0	11519	11519
6	15	16	0	11519	11519
13	3	4	0	11519	11519
11	12	13	0	11520	11520
9	15	16	0	11521	11521
12	3	4	0	11521	11521
13	8	9	0	11521	11521
0	4	5	0	11523	11523
12	9	10	0	11523	11523
13	10	11	0	11523	11523
0	5	6	0	11525	11525
6	3	4	0	11526	11526
13	11	12	0	11526	11526
0	13	14	0	11527	11527
13	6	7	0	11527	11527
0	15	16	0	11529	11529
1	5	6	0	11529	11529
5	13	14	0	11529	11529
0	1	2	0	11531	11531
1	13	14	0	11531	11531
10	13	14	0	11531	11531
1	6	7	0	11533	11533
3	14	15	0	11533	11533
3	6	7	0	11535	11535
8	14	15	0	11535	11535
13	9	10	0	11535	11535
13	1	2	0	11536	11536
1	3	4	0	11537	11537
3	9	10	0	11537	11537
6	8	9	0	11538	11538
1	1	2	0	11539	11539
5	6	7	0	11539	11539
11	14	15	0	11539	11539
6	10	11	0	11540	11540
12	14	15	0	11540	11540
8	8	9	0	11541	11541
10	14	15	0	11541	11541
13	12	13	0	11541	11541
6	2	3	0	11542	11542
1	15	16	0	11543	11543
8	10	11	0	11543	11543
9	5	6	0	11543	11543
12	2	3	0	11544	11544
3	15	16	0	11545	11545
6	4	5	0	11545	11545
9	9	10	0	11545	11545
9	0	1	0	11547	11547
8	13	14	0	11549	11549
9	4	5	0	11549	11549
11	2	3	0	11549	11549
13	14	15	0	11549	11549
9	10	11	0	11551	11551
10	6	7	0	11551	11551
12	4	5	0	11551	11551
9	14	15	0	11553	11553
11	8	9	0	11554	11554
10	15	16	0	11555	11555
9	2	3	0	11556	11556
11	10	11	0	11556	11556
9	1	2	0	11557	11557
13	7	8	0	11557	11557
11	13	14	0	11558	11558
12	7	8	0	11558	11558
1	8	9	0	11559	11559
11	4	5	0	11560	11560
12	13	14	0	11560	11560
0	10	11	0	11561	11561
3	8	9	0	11561	11561
6	5	6	0	11563	11563
9	12	13	0	11563	11563
8	15	16	0	11564	11564
0	3	4	0	11565	11565
3	12	13	0	11565	11565
6	0	1	0	11565	11565
8	5	6	0	11566	11566
6	11	12	0	11567	11567
8	0	1	0	11568	11568
9	8	9	0	11568	11568
0	12	13	0	11569	11569
3	2	3	0	11570	11570
10	5	6	0	11570	11570
8	12	13	0	11571	11571
3	3	4	0	11572	11572
11	7	8	0	11572	11572
9	11	12	0	11573	11573
4	4	5	0	11574	11574
5	10	11	0	11575	11575
12	6	7	0	11575	11575
0	6	7	0	11576	11576
10	2	3	0	11576	11576
3	0	1	0	11578	11578
6	7	8	0	11578	11578
10	9	10	0	11578	11578
4	14	15	0	11579	11579
8	2	3	0	11580	11580
10	8	9	0	11580	11580
12	12	13	0	11580	11580
3	11	12	0	11582	11582
9	6	7	0	11582	11582
3	4	5	0	11584	11584
8	9	10	0	11584	11584
11	9	10	0	11584	11584
0	7	8	0	11586	11586
10	10	11	0	11586	11586
11	3	4	0	11587	11587
4	15	16	0	11588	11588
5	7	8	0	11588	11588
8	11	12	0	11588	11588
3	7	8	0	11590	11590
10	12	13	0	11590	11590
3	13	14	0	11592	11592
10	4	5	0	11592	11592
3	5	6	0	11594	11594
4	9	10	0	11594	11594
4	12	13	0	11596	11596
3	10	11	0	11598	11598
10	11	12	0	11600	11600
4	11	12	0	11602	11602
5	11	12	0	11604	11604
4	0	1	0	11616	11616
8	1	2	0	11618	11618
10	3	4	0	11620	11620
4	1	2	0	11622	11622
8	3	4	0	11624	11624
4	2	3	0	11626	11626
4	10	11	0	11628	11628
4	3	4	0	11630	11630
2	0	1	0	11632	11632
4	13	14	0	11632	11632
2	9	10	0	11634	11634
2	14	15	0	11636	11636
2	4	5	0	11638	11638
2	12	13	0	11640	11640
2	2	3	0	11642	11642
2	13	14	0	11644	11644
7	13	14	0	11645	11645
2	3	4	0	11646	11646
2	10	11	0	11648	11648
2	15	16	0	11650	11650
7	12	13	0	11650	11650
10	7	8	0	11650	11650
2	1	2	0	11652	11652
8	6	7	0	11652	11652
2	11	12	0	11654	11654
4	5	6	0	11654	11654
7	0	1	0	11654	11654
7	1	2	0	11656	11656
8	7	8	0	11656	11656
4	7	8	0	11658	11658
7	3	4	0	11658	11658
4	6	7	0	11660	11660
7	2	3	0	11660	11660
4	8	9	0	11662	11662
2	8	9	0	11664	11664
2	5	6	0	11666	11666
7	8	9	0	11668	11668
2	6	7	0	11670	11670
2	7	8	0	11672	11672
7	9	10	0	11672	11672
7	6	7	0	11674	11674
7	10	11	0	11676	11676
7	4	5	0	11678	11678
7	11	12	0	11680	11680
7	14	15	0	11682	11682
7	5	6	0	11684	11684
7	15	16	0	11686	11686
7	7	8	0	11688	11688
10	0	11479	0	17574	17574
11	11	11499	0	17604	17604
13	0	11473	0	17631	17631
3	1	11489	0	17633	17633
13	13	11493	0	17667	17667
11	6	11494	0	17698	17698
1	0	11458	0	17797	17797
0	0	11487	0	17811	17811
11	1	11506	0	17812	17812
12	11	11501	0	17825	17825
9	13	11514	0	17827	17827
0	9	11506	0	17829	17829
12	1	11504	0	17831	17831
6	6	11506	0	17837	17837
12	0	11499	0	17837	17837
9	7	11516	0	17840	17840
9	3	11500	0	17847	17847
0	11	11476	0	17852	17852
12	5	11496	0	17856	17856
6	13	11484	0	17878	17878
0	2	11514	0	17882	17882
6	9	11482	0	17887	17887
13	15	11513	0	17896	17896
1	11	11464	0	17898	17898
6	14	11508	0	17901	17901
13	4	11485	0	17901	17901
0	8	11498	0	17904	17904
0	14	11518	0	17937	17937
11	0	11471	0	17938	17938
8	4	11508	0	17945	17945
11	15	11516	0	17989	17989
11	5	11518	0	18006	18006
12	8	11467	0	18014	18014
6	12	11495	0	18023	18023
13	2	11508	0	18065	18065
10	1	11502	0	18084	18084
6	1	11516	0	18108	18108
5	9	11508	0	18135	18135
1	4	11493	0	18139	18139
5	4	11500	0	18150	18150
1	9	11480	0	18155	18155
12	15	11507	0	18181	18181
1	2	11475	0	18188	18188
5	15	11503	0	18196	18196
5	14	11511	0	18199	18199
1	14	11491	0	18201	18201
1	7	11502	0	18210	18210
12	10	11478	0	18213	18213
13	5	11505	0	18215	18215
1	10	11497	0	18230	18230
5	0	11477	0	18261	18261
5	5	11482	0	18311	18311
5	8	11515	0	18336	18336
1	12	11505	0	18341	18341
5	1	11514	0	18350	18350
5	3	11495	0	18375	18375
1	0	1	0	0	11457
1	11	12	0	0	11463
12	8	9	0	0	11466
11	0	1	0	0	11470
13	0	1	0	0	11472
1	2	3	0	0	11474
0	11	12	0	0	11475
5	0	1	0	0	11476
12	10	11	0	0	11477
10	0	1	0	0	11478
1	9	10	0	0	11479
5	5	6	0	0	11481
6	9	10	0	0	11481
6	13	14	0	0	11483
13	4	5	0	0	11484
0	0	1	0	0	11486
3	1	2	0	0	11488
1	14	15	0	0	11490
1	4	5	0	0	11492
13	13	14	0	0	11492
11	6	7	0	0	11493
5	3	4	0	0	11494
6	12	13	0	0	11494
12	5	6	0	0	11495
1	10	11	0	0	11496
0	8	9	0	0	11497
11	11	12	0	0	11498
12	0	1	0	0	11498
5	4	5	0	0	11499
9	3	4	0	0	11499
12	11	12	0	0	11500
1	7	8	0	0	11501
10	1	2	0	0	11501
5	15	16	0	0	11502
12	1	2	0	0	11503
1	12	13	0	0	11504
13	5	6	0	0	11504
0	9	10	0	0	11505
6	6	7	0	0	11505
11	1	2	0	0	11505
12	15	16	0	0	11506
5	9	10	0	0	11507
6	14	15	0	0	11507
8	4	5	0	0	11507
13	2	3	0	0	11507
5	14	15	0	0	11510
13	15	16	0	0	11512
0	2	3	0	0	11513
5	1	2	0	0	11513
9	13	14	0	0	11513
5	8	9	0	0	11514
6	1	2	0	0	11515
9	7	8	0	0	11515
11	15	16	0	0	11515
0	14	15	0	0	11517
11	5	6	0	0	11517
5	12	13	0	0	11518
5	2	3	0	0	11519
6	15	16	0	0	11519
13	3	4	0	0	11519
11	12	13	0	0	11520
9	15	16	0	0	11521
12	3	4	0	0	11521
13	8	9	0	0	11521
0	4	5	0	0	11523
12	9	10	0	0	11523
13	10	11	0	0	11523
0	5	6	0	0	11525
6	3	4	0	0	11526
13	11	12	0	0	11526
0	13	14	0	0	11527
13	6	7	0	0	11527
0	15	16	0	0	11529
1	5	6	0	0	11529
5	13	14	0	0	11529
0	1	2	0	0	11531
1	13	14	0	0	11531
10	13	14	0	0	11531
1	6	7	0	0	11533
3	14	15	0	0	11533
3	6	7	0	0	11535
8	14	15	0	0	11535
13	9	10	0	0	11535
13	1	2	0	0	11536
1	3	4	0	0	11537
3	9	10	0	0	11537
6	8	9	0	0	11538
1	1	2	0	0	11539
5	6	7	0	0	11539
11	14	15	0	0	11539
6	10	11	0	0	11540
12	14	15	0	0	11540
8	8	9	0	0	11541
10	14	15	0	0	11541
13	12	13	0	0	11541
6	2	3	0	0	11542
1	15	16	0	0	11543
8	10	11	0	0	11543
9	5	6	0	0	11543
12	2	3	0	0	11544
3	15	16	0	0	11545
6	4	5	0	0	11545
9	9	10	0	0	11545
9	0	1	0	0	11547
8	13	14	0	0	11549
9	4	5	0	0	11549
11	2	3	0	0	11549
13	14	15	0	0	11549
9	10	11	0	0	11551
10	6	7	0	0	11551
12	4	5	0	0	11551
9	14	15	0	0	11553
11	8	9	0	0	11554
10	15	16	0	0	11555
9	2	3	0	0	11556
11	10	11	0	0	11556
9	1	2	0	0	11557
13	7	8	0	0	11557
11	13	14	0	0	11558
12	7	8	0	0	11558
1	8	9	0	0	11559
11	4	5	0	0	11560
12	13	14	0	0	11560
0	10	11	0	0	11561
3	8	9	0	0	11561
6	5	6	0	0	11563
9	12	13	0	0	11563
8	15	16	0	0	11564
0	3	4	0	0	11565
3	12	13	0	0	11565
6	0	1	0	0	11565
8	5	6	0	0	11566
6	11	12	0	0	11567
8	0	1	0	0	11568
9	8	9	0	0	11568
0	12	13	0	0	11569
3	2	3	0	0	11570
10	5	6	0	0	11570
8	12	13	0	0	11571
3	3	4	0	0	11572
11	7	8	0	0	11572
9	11	12	0	0	11573
4	4	5	0	0	11574
5	10	11	0	0	11575
12	6	7	0	0	11575
0	6	7	0	0	11576
10	2	3	0	0	11576
3	0	1	0	0	11578
6	7	8	0	0	11578
10	9	10	0	0	11578
4	14	15	0	0	11579
8	2	3	0	0	11580
10	8	9	0	0	11580
12	12	13	0	0	11580
3	11	12	0	0	11582
9	6	7	0	0	11582
3	4	5	0	0	11584
8	9	10	0	0	11584
11	9	10	0	0	11584
0	7	8	0	0	11586
10	10	11	0	0	11586
11	3	4	0	0	11587
4	15	16	0	0	11588
5	7	8	0	0	11588
8	11	12	0	0	11588
3	7	8	0	0	11590
10	12	13	0	0	11590
3	13	14	0	0	11592
10	4	5	0	0	11592
3	5	6	0	0	11594
4	9	10	0	0	11594
4	12	13	0	0	11596
3	10	11	0	0	11598
10	11	12	0	0	11600
4	11	12	0	0	11602
5	11	12	0	0	11604
4	0	1	0	0	11616
8	1	2	0	0	11618
10	3	4	0	0	11620
4	1	2	0	0	11622
8	3	4	0	0	11624
4	2	3	0	0	11626
4	10	11	0	0	11628
4	3	4	0	0	11630
2	0	1	0	0	11632
4	13	14	0	0	11632
2	9	10	0	0	11634
2	14	15	0	0	11636
2	4	5	0	0	11638
2	12	13	0	0	11640
2	2	3	0	0	11642
2	13	14	0	0	11644
7	13	14	0	0	11645
2	3	4	0	0	11646
2	10	11	0	0	11648
2	15	16	0	0	11650
7	12	13	0	0	11650
10	7	8	0	0	11650
2	1	2	0	0	11652
8	6	7	0	0	11652
2	11	12	0	0	11654
4	5	6	0	0	11654
7	0	1	0	0	11654
7	1	2	0	0	11656
8	7	8	0	0	11656
4	7	8	0	0	11658
7	3	4	0	0	11658
4	6	7	0	0	11660
7	2	3	0	0	11660
4	8	9	0	0	11662
2	8	9	0	0	11664
2	5	6	0	0	11666
7	8	9	0	0	11668
2	6	7	0	0	11670
2	7	8	0	0	11672
7	9	10	0	0	11672
7	6	7	0	0	11674
7	10	11	0	0	11676
7	4	5	0	0	11678
7	11	12	0	0	11680
7	14	15	0	0	11682
7	5	6	0	0	11684
7	15	16	0	0	11686
7	7	8	0	0	11688
10	0	11479	0	0	17574
11	11	11499	0	0	17604
13	0	11473	0	0	17631
3	1	11489	0	0	17633
13	13	11493	0	0	17667
11	6	11494	0	0	17698
1	0	11458	0	0	17797
0	0	11487	0	0	17811
11	1	11506	0	0	17812
12	11	11501	0	0	17825
9	13	11514	0	0	17827
0	9	11506	0	0	17829
12	1	11504	0	0	17831
6	6	11506	0	0	17837
12	0	11499	0	0	17837
9	7	11516	0	0	17840
9	3	11500	0	0	17847
0	11	11476	0	0	17852
12	5	11496	0	0	17856
6	13	11484	0	0	17878
0	2	11514	0	0	17882
6	9	11482	0	0	17887
13	15	11513	0	0	17896
1	11	11464	0	0	17898
6	14	11508	0	0	17901
13	4	11485	0	0	17901
0	8	11498	0	0	17904
0	14	11518	0	0	17937
11	0	11471	0	0	17938
8	4	11508	0	0	17945
11	15	11516	0	0	17989
11	5	11518	0	0	18006
12	8	11467	0	0	18014
6	12	11495	0	0	18023
13	2	11508	0	0	18065
10	1	11502	0	0	18084
6	1	11516	0	0	18108
5	9	11508	0	0	18135
1	4	11493	0	0	18139
5	4	11500	0	0	18150
1	9	11480	0	0	18155
12	15	11507	0	0	18181
1	2	11475	0	0	18188
5	15	11503	0	0	18196
5	14	11511	0	0	18199
1	14	11491	0	0	18201
1	7	11502	0	0	18210
12	10	11478	0	0	18213
13	5	11505	0	0	18215
1	10	11497	0	0	18230
5	0	11477	0	0	18261
5	5	11482	0	0	18311
5	8	11515	0	0	18336
1	12	11505	0	0	18341
5	1	11514	0	0	18350
5	3	11495	0	0	18375
12	4	5	0	11437	11437
12	5	6	0	11445	11445
12	10	11	0	11451	11451
12	0	1	0	11453	11453
12	8	9	0	11460	11460
12	14	15	0	11462	11462
0	2	3	0	11464	11464
3	9	10	0	11464	11464
0	4	5	0	11466	11466
5	10	11	0	11466	11466
6	1	2	0	11468	11468
12	11	12	0	11468	11468
0	3	4	0	11470	11470
6	10	11	0	11470	11470
3	8	9	0	11472	11472
6	3	4	0	11472	11472
13	12	13	0	11472	11472
8	13	14	0	11473	11473
5	4	5	0	11474	11474
6	2	3	0	11474	11474
9	13	14	0	11475	11475
12	9	10	0	11476	11476
9	0	1	0	11477	11477
11	8	9	0	11478	11478
10	0	1	0	11479	11479
0	5	6	0	11480	11480
11	13	14	0	11480	11480
12	15	16	0	11480	11480
6	4	5	0	11482	11482
11	15	16	0	11482	11482
13	13	14	0	11482	11482
9	2	3	0	11483	11483
12	1	2	0	11483	11483
0	6	7	0	11484	11484
1	14	15	0	11484	11484
1	11	12	0	11486	11486
6	5	6	0	11486	11486
9	14	15	0	11486	11486
12	13	14	0	11486	11486
12	3	4	0	11486	11486
3	12	13	0	11488	11488
6	15	16	0	11488	11488
10	1	2	0	11488	11488
1	15	16	0	11490	11490
0	7	8	0	11492	11492
1	0	1	0	11492	11492
9	15	16	0	11492	11492
6	6	7	0	11493	11493
6	9	10	0	11493	11493
0	15	16	0	11494	11494
5	11	12	0	11494	11494
10	2	3	0	11494	11494
6	7	8	0	11495	11495
6	12	13	0	11496	11496
13	0	1	0	11496	11496
0	14	15	0	11497	11497
1	12	13	0	11498	11498
3	14	15	0	11498	11498
13	5	6	0	11498	11498
0	8	9	0	11500	11500
1	4	5	0	11500	11500
7	13	14	0	11500	11500
11	10	11	0	11500	11500
10	13	14	0	11502	11502
0	1	2	0	11503	11503
6	8	9	0	11503	11503
9	7	8	0	11504	11504
10	15	16	0	11504	11504
6	11	12	0	11505	11505
0	9	10	0	11506	11506
5	15	16	0	11506	11506
9	5	6	0	11506	11506
3	11	12	0	11508	11508
6	0	1	0	11508	11508
8	0	1	0	11508	11508
5	14	15	0	11509	11509
10	6	7	0	11510	11510
11	1	2	0	11510	11510
12	6	7	0	11510	11510
13	9	10	0	11510	11510
3	1	2	0	11512	11512
5	13	14	0	11512	11512
10	14	15	0	11512	11512
13	8	9	0	11512	11512
4	14	15	0	11514	11514
10	7	8	0	11514	11514
12	2	3	0	11514	11514
8	14	15	0	11516	11516
10	10	11	0	11516	11516
5	5	6	0	11517	11517
13	4	5	0	11517	11517
0	10	11	0	11518	11518
1	1	2	0	11518	11518
5	8	9	0	11518	11518
11	14	15	0	11518	11518
3	2	3	0	11520	11520
6	14	15	0	11520	11520
8	4	5	0	11520	11520
0	13	14	0	11521	11521
1	9	10	0	11522	11522
4	4	5	0	11522	11522
3	15	16	0	11523	11523
5	9	10	0	11524	11524
8	15	16	0	11524	11524
9	4	5	0	11524	11524
12	7	8	0	11525	11525
3	6	7	0	11526	11526
5	0	1	0	11527	11527
12	12	13	0	11527	11527
3	4	5	0	11528	11528
5	6	7	0	11528	11528
6	13	14	0	11529	11529
13	15	16	0	11529	11529
9	3	4	0	11530	11530
10	5	6	0	11531	11531
11	3	4	0	11532	11532
13	10	11	0	11532	11532
0	11	12	0	11533	11533
9	9	10	0	11534	11534
11	5	6	0	11534	11534
1	5	6	0	11535	11535
13	14	15	0	11535	11535
4	15	16	0	11536	11536
8	5	6	0	11536	11536
13	2	3	0	11536	11536
10	9	10	0	11537	11537
2	14	15	0	11538	11538
5	1	2	0	11538	11538
0	12	13	0	11539	11539
10	8	9	0	11539	11539
3	3	4	0	11540	11540
7	15	16	0	11540	11540
9	10	11	0	11540	11540
1	7	8	0	11541	11541
1	6	7	0	11542	11542
5	3	4	0	11542	11542
10	11	12	0	11543	11543
1	10	11	0	11544	11544
4	6	7	0	11544	11544
11	0	1	0	11545	11545
4	9	10	0	11546	11546
7	5	6	0	11546	11546
10	3	4	0	11547	11547
4	10	11	0	11548	11548
8	6	7	0	11548	11548
1	2	3	0	11549	11549
4	1	2	0	11550	11550
9	8	9	0	11550	11550
11	11	12	0	11550	11550
4	0	1	0	11552	11552
11	6	7	0	11552	11552
0	0	1	0	11554	11554
11	12	13	0	11554	11554
13	6	7	0	11554	11554
3	7	8	0	11556	11556
7	14	15	0	11556	11556
11	2	3	0	11556	11556
3	13	14	0	11558	11558
7	8	9	0	11558	11558
3	0	1	0	11560	11560
4	11	12	0	11560	11560
8	8	9	0	11560	11560
7	0	1	0	11562	11562
8	10	11	0	11562	11562
10	4	5	0	11562	11562
2	15	16	0	11564	11564
4	12	13	0	11564	11564
7	1	2	0	11564	11564
11	7	8	0	11564	11564
8	9	10	0	11566	11566
11	4	5	0	11566	11566
13	7	8	0	11566	11566
3	5	6	0	11568	11568
8	11	12	0	11568	11568
13	3	4	0	11568	11568
3	10	11	0	11570	11570
4	2	3	0	11570	11570
4	7	8	0	11572	11572
5	12	13	0	11572	11572
7	2	3	0	11572	11572
7	6	7	0	11574	11574
8	3	4	0	11574	11574
4	8	9	0	11576	11576
7	11	12	0	11576	11576
9	1	2	0	11576	11576
2	9	10	0	11578	11578
9	6	7	0	11578	11578
13	1	2	0	11578	11578
1	8	9	0	11580	11580
4	13	14	0	11580	11580
8	1	2	0	11580	11580
4	5	6	0	11582	11582
7	10	11	0	11582	11582
8	2	3	0	11582	11582
5	2	3	0	11584	11584
8	12	13	0	11584	11584
11	9	10	0	11584	11584
2	13	14	0	11586	11586
4	3	4	0	11586	11586
8	7	8	0	11586	11586
2	0	1	0	11588	11588
7	12	13	0	11588	11588
7	3	4	0	11590	11590
9	12	13	0	11590	11590
10	12	13	0	11592	11592
2	4	5	0	11606	11606
2	1	2	0	11608	11608
2	2	3	0	11610	11610
2	3	4	0	11612	11612
1	3	4	0	11614	11614
13	11	12	0	11627	11627
1	13	14	0	11629	11629
2	12	13	0	11631	11631
7	9	10	0	11633	11633
9	11	12	0	11635	11635
2	10	11	0	11637	11637
7	7	8	0	11637	11637
2	8	9	0	11639	11639
2	11	12	0	11641	11641
7	4	5	0	11641	11641
2	5	6	0	11643	11643
2	7	8	0	11645	11645
2	6	7	0	11647	11647
5	7	8	0	11649	11649
1	14	11485	0	17548	17548
1	11	11487	0	17599	17599
1	0	11493	0	17691	17691
5	11	11495	0	17712	17712
8	13	11474	0	17721	17721
3	12	11489	0	17729	17729
1	15	11491	0	17743	17743
5	10	11467	0	17765	17765
13	12	11473	0	17777	17777
9	0	11478	0	17782	17782
13	13	11483	0	17785	17785
5	4	11475	0	17788	17788
9	13	11476	0	17791	17791
9	15	11493	0	17849	17849
9	14	11487	0	17856	17856
0	7	11493	0	17865	17865
11	8	11479	0	17865	17865
0	5	11481	0	17876	17876
0	6	11485	0	17940	17940
3	9	11465	0	17956	17956
9	2	11484	0	17959	17959
10	2	11495	0	17985	17985
11	15	11483	0	17986	17986
13	0	11497	0	17991	17991
0	4	11467	0	18002	18002
10	1	11489	0	18010	18010
10	0	11480	0	18015	18015
11	13	11481	0	18018	18018
0	2	11465	0	18045	18045
0	14	11498	0	18110	18110
3	8	11473	0	18110	18110
0	3	11471	0	18120	18120
0	15	11495	0	18138	18138
6	4	11483	0	18773	18773
6	2	11475	0	18829	18829
6	5	11487	0	18842	18842
6	15	11489	0	18887	18887
6	3	11473	0	18898	18898
6	1	11469	0	18901	18901
6	10	11471	0	18928	18928
6	6	11494	0	18958	18958
6	12	11497	0	18976	18976
6	9	11495	0	18983	18983
6	7	11496	0	19062	19062
12	0	11454	0	19161	19161
12	14	11463	0	19183	19183
12	5	11446	0	19204	19204
12	8	11461	0	19295	19295
12	4	11438	0	19321	19321
12	15	11481	0	19347	19347
12	1	11484	0	19359	19359
12	10	11452	0	19362	19362
12	9	11477	0	19381	19381
12	13	11488	0	19465	19465
12	3	11487	0	19476	19476
12	11	11469	0	19536	19536
3	0	1	0	11436	11436
3	5	6	0	11443	11443
6	11	12	0	11445	11445
5	0	1	0	11448	11448
6	14	15	0	11448	11448
8	1	2	0	11450	11450
3	1	2	0	11452	11452
6	2	3	0	11454	11454
2	0	1	0	11456	11456
10	5	6	0	11456	11456
1	5	6	0	11458	11458
3	2	3	0	11458	11458
10	9	10	0	11458	11458
3	8	9	0	11460	11460
4	2	3	0	11460	11460
11	9	10	0	11460	11460
10	14	15	0	11461	11461
0	10	11	0	11462	11462
2	5	6	0	11462	11462
5	1	2	0	11462	11462
0	13	14	0	11464	11464
4	12	13	0	11464	11464
10	6	7	0	11464	11464
0	2	3	0	11466	11466
10	15	16	0	11467	11467
2	3	4	0	11468	11468
1	6	7	0	11470	11470
3	14	15	0	11470	11470
3	4	5	0	11470	11470
4	14	15	0	11470	11470
1	13	14	0	11472	11472
4	3	4	0	11472	11472
5	5	6	0	11472	11472
11	12	13	0	11472	11472
2	13	14	0	11474	11474
5	2	3	0	11474	11474
8	6	7	0	11474	11474
2	15	16	0	11476	11476
3	9	10	0	11476	11476
4	0	1	0	11476	11476
6	12	13	0	11476	11476
11	14	15	0	11478	11478
13	3	4	0	11478	11478
10	11	12	0	11479	11479
5	12	13	0	11480	11480
6	0	1	0	11480	11480
8	14	15	0	11480	11480
11	4	5	0	11480	11480
0	3	4	0	11482	11482
1	14	15	0	11482	11482
3	10	11	0	11482	11482
4	5	6	0	11482	11482
1	0	1	0	11484	11484
2	10	11	0	11484	11484
3	15	16	0	11484	11484
1	8	9	0	11486	11486
10	0	1	0	11486	11486
11	15	16	0	11486	11486
1	12	13	0	11488	11488
2	1	2	0	11488	11488
8	8	9	0	11488	11488
13	13	14	0	11488	11488
3	13	14	0	11490	11490
4	4	5	0	11490	11490
5	14	15	0	11491	11491
2	12	13	0	11492	11492
6	6	7	0	11492	11492
6	15	16	0	11492	11492
11	5	6	0	11492	11492
0	0	1	0	11494	11494
3	11	12	0	11494	11494
13	4	5	0	11494	11494
5	4	5	0	11495	11495
8	15	16	0	11495	11495
5	15	16	0	11496	11496
8	9	10	0	11496	11496
10	4	5	0	11496	11496
0	7	8	0	11498	11498
10	10	11	0	11498	11498
13	14	15	0	11498	11498
0	4	5	0	11500	11500
4	15	16	0	11500	11500
10	1	2	0	11500	11500
6	8	9	0	11502	11502
8	2	3	0	11502	11502
1	15	16	0	11503	11503
10	13	14	0	11503	11503
8	12	13	0	11504	11504
11	7	8	0	11504	11504
13	1	2	0	11504	11504
4	8	9	0	11506	11506
6	13	14	0	11506	11506
11	2	3	0	11506	11506
13	15	16	0	11506	11506
0	14	15	0	11508	11508
4	9	10	0	11508	11508
5	9	10	0	11510	11510
0	1	2	0	11511	11511
1	1	2	0	11512	11512
0	8	9	0	11513	11513
6	9	10	0	11513	11513
0	15	16	0	11514	11514
4	7	8	0	11514	11514
6	1	2	0	11514	11514
2	14	15	0	11516	11516
5	13	14	0	11516	11516
6	7	8	0	11516	11516
13	9	10	0	11516	11516
0	9	10	0	11518	11518
2	2	3	0	11518	11518
5	6	7	0	11518	11518
0	5	6	0	11520	11520
1	9	10	0	11521	11521
3	3	4	0	11522	11522
8	3	4	0	11522	11522
4	10	11	0	11523	11523
5	10	11	0	11524	11524
11	8	9	0	11524	11524
11	1	2	0	11525	11525
6	10	11	0	11526	11526
13	0	1	0	11526	11526
3	6	7	0	11527	11527
1	10	11	0	11528	11528
11	0	1	0	11528	11528
13	8	9	0	11528	11528
8	11	12	0	11530	11530
1	2	3	0	11531	11531
5	8	9	0	11531	11531
6	3	4	0	11532	11532
8	13	14	0	11532	11532
0	6	7	0	11533	11533
8	0	1	0	11534	11534
10	8	9	0	11534	11534
11	10	11	0	11534	11534
2	8	9	0	11536	11536
13	10	11	0	11536	11536
1	3	4	0	11537	11537
2	11	12	0	11538	11538
5	3	4	0	11538	11538
2	4	5	0	11540	11540
11	11	12	0	11541	11541
2	6	7	0	11542	11542
13	12	13	0	11542	11542
1	11	12	0	11544	11544
4	1	2	0	11544	11544
13	2	3	0	11544	11544
3	7	8	0	11546	11546
4	6	7	0	11546	11546
8	10	11	0	11546	11546
5	11	12	0	11548	11548
6	5	6	0	11548	11548
8	7	8	0	11550	11550
13	11	12	0	11550	11550
0	11	12	0	11552	11552
11	6	7	0	11552	11552
4	11	12	0	11554	11554
6	4	5	0	11554	11554
13	5	6	0	11554	11554
2	7	8	0	11556	11556
10	12	13	0	11557	11557
5	7	8	0	11558	11558
10	3	4	0	11558	11558
1	4	5	0	11560	11560
8	4	5	0	11561	11561
11	3	4	0	11563	11563
8	5	6	0	11564	11564
2	9	10	0	11565	11565
4	13	14	0	11565	11565
11	13	14	0	11567	11567
13	6	7	0	11567	11567
0	12	13	0	11569	11569
1	7	8	0	11569	11569
13	7	8	0	11571	11571
3	12	13	0	11573	11573
9	14	15	0	11582	11582
12	13	14	0	11585	11585
9	15	16	0	11603	11603
10	2	3	0	11606	11606
9	1	2	0	11608	11608
9	2	3	0	11610	11610
12	0	1	0	11612	11612
9	0	1	0	11614	11614
12	14	15	0	11614	11614
12	1	2	0	11616	11616
9	9	10	0	11617	11617
12	15	16	0	11618	11618
9	4	5	0	11619	11619
9	12	13	0	11621	11621
7	14	15	0	11622	11622
9	3	4	0	11623	11623
10	7	8	0	11623	11623
7	0	1	0	11625	11625
9	13	14	0	11625	11625
12	5	6	0	11625	11625
9	5	6	0	11627	11627
12	12	13	0	11627	11627
12	2	3	0	11629	11629
7	2	3	0	11631	11631
12	8	9	0	11631	11631
9	6	7	0	11633	11633
12	10	11	0	11633	11633
7	12	13	0	11635	11635
12	3	4	0	11635	11635
7	4	5	0	11637	11637
9	10	11	0	11637	11637
12	6	7	0	11637	11637
7	1	2	0	11639	11639
9	8	9	0	11639	11639
9	11	12	0	11641	11641
12	4	5	0	11641	11641
9	7	8	0	11643	11643
12	9	10	0	11643	11643
12	7	8	0	11645	11645
7	15	16	0	11646	11646
12	11	12	0	11647	11647
7	5	6	0	11648	11648
7	9	10	0	11650	11650
7	3	4	0	11652	11652
7	8	9	0	11654	11654
7	10	11	0	11656	11656
7	6	7	0	11658	11658
7	11	12	0	11660	11660
7	7	8	0	11662	11662
7	13	14	0	11664	11664
6	14	11449	0	17559	17559
6	11	11446	0	17574	17574
5	0	11449	0	17583	17583
8	6	11475	0	17665	17665
5	5	11473	0	17669	17669
2	13	11475	0	17680	17680
5	2	11475	0	17690	17690
4	3	11473	0	17699	17699
5	1	11463	0	17702	17702
5	12	11481	0	17705	17705
4	14	11471	0	17709	17709
2	5	11463	0	17717	17717
4	12	11465	0	17731	17731
11	4	11481	0	17771	17771
6	12	11477	0	17777	17777
0	3	11483	0	17780	17780
11	9	11461	0	17780	17780
6	0	11481	0	17783	17783
11	14	11479	0	17789	17789
1	13	11473	0	17853	17853
1	6	11471	0	17856	17856
2	3	11469	0	17867	17867
1	0	11485	0	17870	17870
1	14	11483	0	17881	17881
4	2	11461	0	17886	17886
10	5	11457	0	17899	17899
10	9	11459	0	17931	17931
8	1	11451	0	17937	17937
10	6	11465	0	17940	17940
10	14	11462	0	17956	17956
10	15	11468	0	17968	17968
1	5	11459	0	17974	17974
0	13	11465	0	17978	17978
4	0	11477	0	18000	18000
0	2	11467	0	18003	18003
0	10	11463	0	18008	18008
8	14	11481	0	18014	18014
6	2	11455	0	18048	18048
11	12	11473	0	18051	18051
2	15	11477	0	18055	18055
13	3	11479	0	18059	18059
2	0	11457	0	18075	18075
3	5	11444	0	18110	18110
4	5	11483	0	18115	18115
2	10	11485	0	18147	18147
10	11	11480	0	18203	18203
3	0	11437	0	18213	18213
3	4	11471	0	18317	18317
10	0	11487	0	18334	18334
3	14	11472	0	18364	18364
3	8	11461	0	18375	18375
3	1	11453	0	18428	18428
3	2	11459	0	18440	18440
3	15	11485	0	18604	18604
3	10	11483	0	18657	18657
3	9	11477	0	18688	18688
1	0	1	0	11457	11457
1	11	12	0	11463	11463
12	8	9	0	11466	11466
11	0	1	0	11470	11470
13	0	1	0	11472	11472
1	2	3	0	11474	11474
0	11	12	0	11475	11475
5	0	1	0	11476	11476
12	10	11	0	11477	11477
10	0	1	0	11478	11478
1	9	10	0	11479	11479
5	5	6	0	11481	11481
6	9	10	0	11481	11481
6	13	14	0	11483	11483
13	4	5	0	11484	11484
0	0	1	0	11486	11486
3	1	2	0	11488	11488
1	14	15	0	11490	11490
1	4	5	0	11492	11492
13	13	14	0	11492	11492
11	6	7	0	11493	11493
5	3	4	0	11494	11494
6	12	13	0	11494	11494
12	5	6	0	11495	11495
1	10	11	0	11496	11496
0	8	9	0	11497	11497
11	11	12	0	11498	11498
12	0	1	0	11498	11498
5	4	5	0	11499	11499
9	3	4	0	11499	11499
12	11	12	0	11500	11500
1	7	8	0	11501	11501
10	1	2	0	11501	11501
5	15	16	0	11502	11502
12	1	2	0	11503	11503
1	12	13	0	11504	11504
13	5	6	0	11504	11504
0	9	10	0	11505	11505
6	6	7	0	11505	11505
11	1	2	0	11505	11505
12	15	16	0	11506	11506
5	9	10	0	11507	11507
6	14	15	0	11507	11507
8	4	5	0	11507	11507
13	2	3	0	11507	11507
5	14	15	0	11510	11510
13	15	16	0	11512	11512
0	2	3	0	11513	11513
5	1	2	0	11513	11513
9	13	14	0	11513	11513
5	8	9	0	11514	11514
6	1	2	0	11515	11515
9	7	8	0	11515	11515
11	15	16	0	11515	11515
0	14	15	0	11517	11517
11	5	6	0	11517	11517
5	12	13	0	11518	11518
5	2	3	0	11519	11519
6	15	16	0	11519	11519
13	3	4	0	11519	11519
11	12	13	0	11520	11520
9	15	16	0	11521	11521
12	3	4	0	11521	11521
13	8	9	0	11521	11521
0	4	5	0	11523	11523
12	9	10	0	11523	11523
13	10	11	0	11523	11523
0	5	6	0	11525	11525
6	3	4	0	11526	11526
13	11	12	0	11526	11526
0	13	14	0	11527	11527
13	6	7	0	11527	11527
0	15	16	0	11529	11529
1	5	6	0	11529	11529
5	13	14	0	11529	11529
0	1	2	0	11531	11531
1	13	14	0	11531	11531
10	13	14	0	11531	11531
1	6	7	0	11533	11533
3	14	15	0	11533	11533
3	6	7	0	11535	11535
8	14	15	0	11535	11535
13	9	10	0	11535	11535
13	1	2	0	11536	11536
1	3	4	0	11537	11537
3	9	10	0	11537	11537
6	8	9	0	11538	11538
1	1	2	0	11539	11539
5	6	7	0	11539	11539
11	14	15	0	11539	11539
6	10	11	0	11540	11540
12	14	15	0	11540	11540
8	8	9	0	11541	11541
10	14	15	0	11541	11541
13	12	13	0	11541	11541
6	2	3	0	11542	11542
1	15	16	0	11543	11543
8	10	11	0	11543	11543
9	5	6	0	11543	11543
12	2	3	0	11544	11544
3	15	16	0	11545	11545
6	4	5	0	11545	11545
9	9	10	0	11545	11545
9	0	1	0	11547	11547
8	13	14	0	11549	11549
9	4	5	0	11549	11549
11	2	3	0	11549	11549
13	14	15	0	11549	11549
9	10	11	0	11551	11551
10	6	7	0	11551	11551
12	4	5	0	11551	11551
9	14	15	0	11553	11553
11	8	9	0	11554	11554
10	15	16	0	11555	11555
9	2	3	0	11556	11556
11	10	11	0	11556	11556
9	1	2	0	11557	11557
13	7	8	0	11557	11557
11	13	14	0	11558	11558
12	7	8	0	11558	11558
1	8	9	0	11559	11559
11	4	5	0	11560	11560
12	13	14	0	11560	11560
0	10	11	0	11561	11561
3	8	9	0	11561	11561
6	5	6	0	11563	11563
9	12	13	0	11563	11563
8	15	16	0	11564	11564
0	3	4	0	11565	11565
3	12	13	0	11565	11565
6	0	1	0	11565	11565
8	5	6	0	11566	11566
6	11	12	0	11567	11567
8	0	1	0	11568	11568
9	8	9	0	11568	11568
0	12	13	0	11569	11569
3	2	3	0	11570	11570
10	5	6	0	11570	11570
8	12	13	0	11571	11571
3	3	4	0	11572	11572
11	7	8	0	11572	11572
9	11	12	0	11573	11573
4	4	5	0	11574	11574
5	10	11	0	11575	11575
12	6	7	0	11575	11575
0	6	7	0	11576	11576
10	2	3	0	11576	11576
3	0	1	0	11578	11578
6	7	8	0	11578	11578
10	9	10	0	11578	11578
4	14	15	0	11579	11579
8	2	3	0	11580	11580
10	8	9	0	11580	11580
12	12	13	0	11580	11580
3	11	12	0	11582	11582
9	6	7	0	11582	11582
3	4	5	0	11584	11584
8	9	10	0	11584	11584
11	9	10	0	11584	11584
0	7	8	0	11586	11586
10	10	11	0	11586	11586
11	3	4	0	11587	11587
4	15	16	0	11588	11588
5	7	8	0	11588	11588
8	11	12	0	11588	11588
3	7	8	0	11590	11590
10	12	13	0	11590	11590
3	13	14	0	11592	11592
10	4	5	0	11592	11592
3	5	6	0	11594	11594
4	9	10	0	11594	11594
4	12	13	0	11596	11596
3	10	11	0	11598	11598
10	11	12	0	11600	11600
4	11	12	0	11602	11602
5	11	12	0	11604	11604
4	0	1	0	11616	11616
8	1	2	0	11618	11618
10	3	4	0	11620	11620
4	1	2	0	11622	11622
8	3	4	0	11624	11624
4	2	3	0	11626	11626
4	10	11	0	11628	11628
4	3	4	0	11630	11630
2	0	1	0	11632	11632
4	13	14	0	11632	11632
2	9	10	0	11634	11634
2	14	15	0	11636	11636
2	4	5	0	11638	11638
2	12	13	0	11640	11640
2	2	3	0	11642	11642
2	13	14	0	11644	11644
7	13	14	0	11645	11645
2	3	4	0	11646	11646
2	10	11	0	11648	11648
2	15	16	0	11650	11650
7	12	13	0	11650	11650
10	7	8	0	11650	11650
2	1	2	0	11652	11652
8	6	7	0	11652	11652
2	11	12	0	11654	11654
4	5	6	0	11654	11654
7	0	1	0	11654	11654
7	1	2	0	11656	11656
8	7	8	0	11656	11656
4	7	8	0	11658	11658
7	3	4	0	11658	11658
4	6	7	0	11660	11660
7	2	3	0	11660	11660
4	8	9	0	11662	11662
2	8	9	0	11664	11664
2	5	6	0	11666	11666
7	8	9	0	11668	11668
2	6	7	0	11670	11670
2	7	8	0	11672	11672
7	9	10	0	11672	11672
7	6	7	0	11674	11674
7	10	11	0	11676	11676
7	4	5	0	11678	11678
7	11	12	0	11680	11680
7	14	15	0	11682	11682
7	5	6	0	11684	11684
7	15	16	0	11686	11686
7	7	8	0	11688	11688
10	0	11479	0	17574	17574
11	11	11499	0	17604	17604
13	0	11473	0	17631	17631
3	1	11489	0	17633	17633
13	13	11493	0	17667	17667
11	6	11494	0	17698	17698
1	0	11458	0	17797	17797
0	0	11487	0	17811	17811
11	1	11506	0	17812	17812
12	11	11501	0	17825	17825
9	13	11514	0	17827	17827
0	9	11506	0	17829	17829
12	1	11504	0	17831	17831
6	6	11506	0	17837	17837
12	0	11499	0	17837	17837
9	7	11516	0	17840	17840
9	3	11500	0	17847	17847
0	11	11476	0	17852	17852
12	5	11496	0	17856	17856
6	13	11484	0	17878	17878
0	2	11514	0	17882	17882
6	9	11482	0	17887	17887
13	15	11513	0	17896	17896
1	11	11464	0	17898	17898
6	14	11508	0	17901	17901
13	4	11485	0	17901	17901
0	8	11498	0	17904	17904
0	14	11518	0	17937	17937
11	0	11471	0	17938	17938
8	4	11508	0	17945	17945
11	15	11516	0	17989	17989
11	5	11518	0	18006	18006
12	8	11467	0	18014	18014
6	12	11495	0	18023	18023
13	2	11508	0	18065	18065
10	1	11502	0	18084	18084
6	1	11516	0	18108	18108
5	9	11508	0	18135	18135
1	4	11493	0	18139	18139
5	4	11500	0	18150	18150
1	9	11480	0	18155	18155
12	15	11507	0	18181	18181
1	2	11475	0	18188	18188
5	15	11503	0	18196	18196
5	14	11511	0	18199	18199
1	14	11491	0	18201	18201
1	7	11502	0	18210	18210
12	10	11478	0	18213	18213
13	5	11505	0	18215	18215
1	10	11497	0	18230	18230
5	0	11477	0	18261	18261
5	5	11482	0	18311	18311
5	8	11515	0	18336	18336
1	12	11505	0	18341	18341
5	1	11514	0	18350	18350
5	3	11495	0	18375	18375
12	4	5	0	0	11437
12	5	6	0	0	11445
12	10	11	0	0	11451
12	0	1	0	0	11453
12	8	9	0	0	11460
12	14	15	0	0	11462
0	2	3	0	0	11464
3	9	10	0	0	11464
0	4	5	0	0	11466
5	10	11	0	0	11466
6	1	2	0	0	11468
12	11	12	0	0	11468
0	3	4	0	0	11470
6	10	11	0	0	11470
3	8	9	0	0	11472
6	3	4	0	0	11472
13	12	13	0	0	11472
8	13	14	0	0	11473
5	4	5	0	0	11474
6	2	3	0	0	11474
9	13	14	0	0	11475
12	9	10	0	0	11476
9	0	1	0	0	11477
11	8	9	0	0	11478
10	0	1	0	0	11479
0	5	6	0	0	11480
11	13	14	0	0	11480
12	15	16	0	0	11480
6	4	5	0	0	11482
11	15	16	0	0	11482
13	13	14	0	0	11482
9	2	3	0	0	11483
12	1	2	0	0	11483
0	6	7	0	0	11484
1	14	15	0	0	11484
1	11	12	0	0	11486
6	5	6	0	0	11486
9	14	15	0	0	11486
12	13	14	0	0	11486
12	3	4	0	0	11486
3	12	13	0	0	11488
6	15	16	0	0	11488
10	1	2	0	0	11488
1	15	16	0	0	11490
0	7	8	0	0	11492
1	0	1	0	0	11492
9	15	16	0	0	11492
6	6	7	0	0	11493
6	9	10	0	0	11493
0	15	16	0	0	11494
5	11	12	0	0	11494
10	2	3	0	0	11494
6	7	8	0	0	11495
6	12	13	0	0	11496
13	0	1	0	0	11496
0	14	15	0	0	11497
1	12	13	0	0	11498
3	14	15	0	0	11498
13	5	6	0	0	11498
0	8	9	0	0	11500
1	4	5	0	0	11500
7	13	14	0	0	11500
11	10	11	0	0	11500
10	13	14	0	0	11502
0	1	2	0	0	11503
6	8	9	0	0	11503
9	7	8	0	0	11504
10	15	16	0	0	11504
6	11	12	0	0	11505
0	9	10	0	0	11506
5	15	16	0	0	11506
9	5	6	0	0	11506
3	11	12	0	0	11508
6	0	1	0	0	11508
8	0	1	0	0	11508
5	14	15	0	0	11509
10	6	7	0	0	11510
11	1	2	0	0	11510
12	6	7	0	0	11510
13	9	10	0	0	11510
3	1	2	0	0	11512
5	13	14	0	0	11512
10	14	15	0	0	11512
13	8	9	0	0	11512
4	14	15	0	0	11514
10	7	8	0	0	11514
12	2	3	0	0	11514
8	14	15	0	0	11516
10	10	11	0	0	11516
5	5	6	0	0	11517
13	4	5	0	0	11517
0	10	11	0	0	11518
1	1	2	0	0	11518
5	8	9	0	0	11518
11	14	15	0	0	11518
3	2	3	0	0	11520
6	14	15	0	0	11520
8	4	5	0	0	11520
0	13	14	0	0	11521
1	9	10	0	0	11522
4	4	5	0	0	11522
3	15	16	0	0	11523
5	9	10	0	0	11524
8	15	16	0	0	11524
9	4	5	0	0	11524
12	7	8	0	0	11525
3	6	7	0	0	11526
5	0	1	0	0	11527
12	12	13	0	0	11527
3	4	5	0	0	11528
5	6	7	0	0	11528
6	13	14	0	0	11529
13	15	16	0	0	11529
9	3	4	0	0	11530
10	5	6	0	0	11531
11	3	4	0	0	11532
13	10	11	0	0	11532
0	11	12	0	0	11533
9	9	10	0	0	11534
11	5	6	0	0	11534
1	5	6	0	0	11535
13	14	15	0	0	11535
4	15	16	0	0	11536
8	5	6	0	0	11536
13	2	3	0	0	11536
10	9	10	0	0	11537
2	14	15	0	0	11538
5	1	2	0	0	11538
0	12	13	0	0	11539
10	8	9	0	0	11539
3	3	4	0	0	11540
7	15	16	0	0	11540
9	10	11	0	0	11540
1	7	8	0	0	11541
1	6	7	0	0	11542
5	3	4	0	0	11542
10	11	12	0	0	11543
1	10	11	0	0	11544
4	6	7	0	0	11544
11	0	1	0	0	11545
4	9	10	0	0	11546
7	5	6	0	0	11546
10	3	4	0	0	11547
4	10	11	0	0	11548
8	6	7	0	0	11548
1	2	3	0	0	11549
4	1	2	0	0	11550
9	8	9	0	0	11550
11	11	12	0	0	11550
4	0	1	0	0	11552
11	6	7	0	0	11552
0	0	1	0	0	11554
11	12	13	0	0	11554
13	6	7	0	0	11554
3	7	8	0	0	11556
7	14	15	0	0	11556
11	2	3	0	0	11556
3	13	14	0	0	11558
7	8	9	0	0	11558
3	0	1	0	0	11560
4	11	12	0	0	11560
8	8	9	0	0	11560
7	0	1	0	0	11562
8	10	11	0	0	11562
10	4	5	0	0	11562
2	15	16	0	0	11564
4	12	13	0	0	11564
7	1	2	0	0	11564
11	7	8	0	0	11564
8	9	10	0	0	11566
11	4	5	0	0	11566
13	7	8	0	0	11566
3	5	6	0	0	11568
8	11	12	0	0	11568
13	3	4	0	0	11568
3	10	11	0	0	11570
4	2	3	0	0	11570
4	7	8	0	0	11572
5	12	13	0	0	11572
7	2	3	0	0	11572
7	6	7	0	0	11574
8	3	4	0	0	11574
4	8	9	0	0	11576
7	11	12	0	0	11576
9	1	2	0	0	11576
2	9	10	0	0	11578
9	6	7	0	0	11578
13	1	2	0	0	11578
1	8	9	0	0	11580
4	13	14	0	0	11580
8	1	2	0	0	11580
4	5	6	0	0	11582
7	10	11	0	0	11582
8	2	3	0	0	11582
5	2	3	0	0	11584
8	12	13	0	0	11584
11	9	10	0	0	11584
2	13	14	0	0	11586
4	3	4	0	0	11586
8	7	8	0	0	11586
2	0	1	0	0	11588
7	12	13	0	0	11588
7	3	4	0	0	11590
9	12	13	0	0	11590
10	12	13	0	0	11592
2	4	5	0	0	11606
2	1	2	0	0	11608
2	2	3	0	0	11610
2	3	4	0	0	11612
1	3	4	0	0	11614
13	11	12	0	0	11627
1	13	14	0	0	11629
2	12	13	0	0	11631
7	9	10	0	0	11633
9	11	12	0	0	11635
2	10	11	0	0	11637
7	7	8	0	0	11637
2	8	9	0	0	11639
2	11	12	0	0	11641
7	4	5	0	0	11641
2	5	6	0	0	11643
2	7	8	0	0	11645
2	6	7	0	0	11647
5	7	8	0	0	11649
1	14	11485	0	0	17548
1	11	11487	0	0	17599
1	0	11493	0	0	17691
5	11	11495	0	0	17712
8	13	11474	0	0	17721
3	12	11489	0	0	17729
1	15	11491	0	0	17743
5	10	11467	0	0	17765
13	12	11473	0	0	17777
9	0	11478	0	0	17782
13	13	11483	0	0	17785
5	4	11475	0	0	17788
9	13	11476	0	0	17791
9	15	11493	0	0	17849
9	14	11487	0	0	17856
0	7	11493	0	0	17865
11	8	11479	0	0	17865
0	5	11481	0	0	17876
0	6	11485	0	0	17940
3	9	11465	0	0	17956
9	2	11484	0	0	17959
10	2	11495	0	0	17985
11	15	11483	0	0	17986
13	0	11497	0	0	17991
0	4	11467	0	0	18002
10	1	11489	0	0	18010
10	0	11480	0	0	18015
11	13	11481	0	0	18018
0	2	11465	0	0	18045
0	14	11498	0	0	18110
3	8	11473	0	0	18110
0	3	11471	0	0	18120
0	15	11495	0	0	18138
6	4	11483	0	0	18773
6	2	11475	0	0	18829
6	5	11487	0	0	18842
6	15	11489	0	0	18887
6	3	11473	0	0	18898
6	1	11469	0	0	18901
6	10	11471	0	0	18928
6	6	11494	0	0	18958
6	12	11497	0	0	18976
6	9	11495	0	0	18983
6	7	11496	0	0	19062
12	0	11454	0	0	19161
12	14	11463	0	0	19183
12	5	11446	0	0	19204
12	8	11461	0	0	19295
12	4	11438	0	0	19321
12	15	11481	0	0	19347
12	1	11484	0	0	19359
12	10	11452	0	0	19362
12	9	11477	0	0	19381
12	13	11488	0	0	19465
12	3	11487	0	0	19476
12	11	11469	0	0	19536
3	0	1	0	0	11436
3	5	6	0	0	11443
6	11	12	0	0	11445
5	0	1	0	0	11448
6	14	15	0	0	11448
8	1	2	0	0	11450
3	1	2	0	0	11452
6	2	3	0	0	11454
2	0	1	0	0	11456
10	5	6	0	0	11456
1	5	6	0	0	11458
3	2	3	0	0	11458
10	9	10	0	0	11458
3	8	9	0	0	11460
4	2	3	0	0	11460
11	9	10	0	0	11460
10	14	15	0	0	11461
0	10	11	0	0	11462
2	5	6	0	0	11462
5	1	2	0	0	11462
0	13	14	0	0	11464
4	12	13	0	0	11464
10	6	7	0	0	11464
0	2	3	0	0	11466
10	15	16	0	0	11467
2	3	4	0	0	11468
1	6	7	0	0	11470
3	14	15	0	0	11470
3	4	5	0	0	11470
4	14	15	0	0	11470
1	13	14	0	0	11472
4	3	4	0	0	11472
5	5	6	0	0	11472
11	12	13	0	0	11472
2	13	14	0	0	11474
5	2	3	0	0	11474
8	6	7	0	0	11474
2	15	16	0	0	11476
3	9	10	0	0	11476
4	0	1	0	0	11476
6	12	13	0	0	11476
11	14	15	0	0	11478
13	3	4	0	0	11478
10	11	12	0	0	11479
5	12	13	0	0	11480
6	0	1	0	0	11480
8	14	15	0	0	11480
11	4	5	0	0	11480
0	3	4	0	0	11482
1	14	15	0	0	11482
3	10	11	0	0	11482
4	5	6	0	0	11482
1	0	1	0	0	11484
2	10	11	0	0	11484
3	15	16	0	0	11484
1	8	9	0	0	11486
10	0	1	0	0	11486
11	15	16	0	0	11486
1	12	13	0	0	11488
2	1	2	0	0	11488
8	8	9	0	0	11488
13	13	14	0	0	11488
3	13	14	0	0	11490
4	4	5	0	0	11490
5	14	15	0	0	11491
2	12	13	0	0	11492
6	6	7	0	0	11492
6	15	16	0	0	11492
11	5	6	0	0	11492
0	0	1	0	0	11494
3	11	12	0	0	11494
13	4	5	0	0	11494
5	4	5	0	0	11495
8	15	16	0	0	11495
5	15	16	0	0	11496
8	9	10	0	0	11496
10	4	5	0	0	11496
0	7	8	0	0	11498
10	10	11	0	0	11498
13	14	15	0	0	11498
0	4	5	0	0	11500
4	15	16	0	0	11500
10	1	2	0	0	11500
6	8	9	0	0	11502
8	2	3	0	0	11502
1	15	16	0	0	11503
10	13	14	0	0	11503
8	12	13	0	0	11504
11	7	8	0	0	11504
13	1	2	0	0	11504
4	8	9	0	0	11506
6	13	14	0	0	11506
11	2	3	0	0	11506
13	15	16	0	0	11506
0	14	15	0	0	11508
4	9	10	0	0	11508
5	9	10	0	0	11510
0	1	2	0	0	11511
1	1	2	0	0	11512
0	8	9	0	0	11513
6	9	10	0	0	11513
0	15	16	0	0	11514
4	7	8	0	0	11514
6	1	2	0	0	11514
2	14	15	0	0	11516
5	13	14	0	0	11516
6	7	8	0	0	11516
13	9	10	0	0	11516
0	9	10	0	0	11518
2	2	3	0	0	11518
5	6	7	0	0	11518
0	5	6	0	0	11520
1	9	10	0	0	11521
3	3	4	0	0	11522
8	3	4	0	0	11522
4	10	11	0	0	11523
5	10	11	0	0	11524
11	8	9	0	0	11524
11	1	2	0	0	11525
6	10	11	0	0	11526
13	0	1	0	0	11526
3	6	7	0	0	11527
1	10	11	0	0	11528
11	0	1	0	0	11528
13	8	9	0	0	11528
8	11	12	0	0	11530
1	2	3	0	0	11531
5	8	9	0	0	11531
6	3	4	0	0	11532
8	13	14	0	0	11532
0	6	7	0	0	11533
8	0	1	0	0	11534
10	8	9	0	0	11534
11	10	11	0	0	11534
2	8	9	0	0	11536
13	10	11	0	0	11536
1	3	4	0	0	11537
2	11	12	0	0	11538
5	3	4	0	0	11538
2	4	5	0	0	11540
11	11	12	0	0	11541
2	6	7	0	0	11542
13	12	13	0	0	11542
1	11	12	0	0	11544
4	1	2	0	0	11544
13	2	3	0	0	11544
3	7	8	0	0	11546
4	6	7	0	0	11546
8	10	11	0	0	11546
5	11	12	0	0	11548
6	5	6	0	0	11548
8	7	8	0	0	11550
13	11	12	0	0	11550
0	11	12	0	0	11552
11	6	7	0	0	11552
4	11	12	0	0	11554
6	4	5	0	0	11554
13	5	6	0	0	11554
2	7	8	0	0	11556
10	12	13	0	0	11557
5	7	8	0	0	11558
10	3	4	0	0	11558
1	4	5	0	0	11560
8	4	5	0	0	11561
11	3	4	0	0	11563
8	5	6	0	0	11564
2	9	10	0	0	11565
4	13	14	0	0	11565
11	13	14	0	0	11567
13	6	7	0	0	11567
0	12	13	0	0	11569
1	7	8	0	0	11569
13	7	8	0	0	11571
3	12	13	0	0	11573
9	14	15	0	0	11582
12	13	14	0	0	11585
9	15	16	0	0	11603
10	2	3	0	0	11606
9	1	2	0	0	11608
9	2	3	0	0	11610
12	0	1	0	0	11612
9	0	1	0	0	11614
12	14	15	0	0	11614
12	1	2	0	0	11616
9	9	10	0	0	11617
12	15	16	0	0	11618
9	4	5	0	0	11619
9	12	13	0	0	11621
7	14	15	0	0	11622
9	3	4	0	0	11623
10	7	8	0	0	11623
7	0	1	0	0	11625
9	13	14	0	0	11625
12	5	6	0	0	11625
9	5	6	0	0	11627
12	12	13	0	0	11627
12	2	3	0	0	11629
7	2	3	0	0	11631
12	8	9	0	0	11631
9	6	7	0	0	11633
12	10	11	0	0	11633
7	12	13	0	0	11635
12	3	4	0	0	11635
7	4	5	0	0	11637
9	10	11	0	0	11637
12	6	7	0	0	11637
7	1	2	0	0	11639
9	8	9	0	0	11639
9	11	12	0	0	11641
12	4	5	0	0	11641
9	7	8	0	0	11643
12	9	10	0	0	11643
12	7	8	0	0	11645
7	15	16	0	0	11646
12	11	12	0	0	11647
7	5	6	0	0	11648
7	9	10	0	0	11650
7	3	4	0	0	11652
7	8	9	0	0	11654
7	10	11	0	0	11656
7	6	7	0	0	11658
7	11	12	0	0	11660
7	7	8	0	0	11662
7	13	14	0	0	11664
6	14	11449	0	0	17559
6	11	11446	0	0	17574
5	0	11449	0	0	17583
8	6	11475	0	0	17665
5	5	11473	0	0	17669
2	13	11475	0	0	17680
5	2	11475	0	0	17690
4	3	11473	0	0	17699
5	1	11463	0	0	17702
5	12	11481	0	0	17705
4	14	11471	0	0	17709
2	5	11463	0	0	17717
4	12	11465	0	0	17731
11	4	11481	0	0	17771
6	12	11477	0	0	17777
0	3	11483	0	0	17780
11	9	11461	0	0	17780
6	0	11481	0	0	17783
11	14	11479	0	0	17789
1	13	11473	0	0	17853
1	6	11471	0	0	17856
2	3	11469	0	0	17867
1	0	11485	0	0	17870
1	14	11483	0	0	17881
4	2	11461	0	0	17886
10	5	11457	0	0	17899
10	9	11459	0	0	17931
8	1	11451	0	0	17937
10	6	11465	0	0	17940
10	14	11462	0	0	17956
10	15	11468	0	0	17968
1	5	11459	0	0	17974
0	13	11465	0	0	17978
4	0	11477	0	0	18000
0	2	11467	0	0	18003
0	10	11463	0	0	18008
8	14	11481	0	0	18014
6	2	11455	0	0	18048
11	12	11473	0	0	18051
2	15	11477	0	0	18055
13	3	11479	0	0	18059
2	0	11457	0	0	18075
3	5	11444	0	0	18110
4	5	11483	0	0	18115
2	10	11485	0	0	18147
10	11	11480	0	0	18203
3	0	11437	0	0	18213
3	4	11471	0	0	18317
10	0	11487	0	0	18334
3	14	11472	0	0	18364
3	8	11461	0	0	18375
3	1	11453	0	0	18428
3	2	11459	0	0	18440
3	15	11485	0	0	18604
3	10	11483	0	0	18657
3	9	11477	0	0	18688
1	0	1	0	0	11457
1	11	12	0	0	11463
12	8	9	0	0	11466
11	0	1	0	0	11470
13	0	1	0	0	11472
1	2	3	0	0	11474
0	11	12	0	0	11475
5	0	1	0	0	11476
12	10	11	0	0	11477
10	0	1	0	0	11478
1	9	10	0	0	11479
5	5	6	0	0	11481
6	9	10	0	0	11481
6	13	14	0	0	11483
13	4	5	0	0	11484
0	0	1	0	0	11486
3	1	2	0	0	11488
1	14	15	0	0	11490
1	4	5	0	0	11492
13	13	14	0	0	11492
11	6	7	0	0	11493
5	3	4	0	0	11494
6	12	13	0	0	11494
12	5	6	0	0	11495
1	10	11	0	0	11496
0	8	9	0	0	11497
11	11	12	0	0	11498
12	0	1	0	0	11498
5	4	5	0	0	11499
9	3	4	0	0	11499
12	11	12	0	0	11500
1	7	8	0	0	11501
10	1	2	0	0	11501
5	15	16	0	0	11502
12	1	2	0	0	11503
1	12	13	0	0	11504
13	5	6	0	0	11504
0	9	10	0	0	11505
6	6	7	0	0	11505
11	1	2	0	0	11505
12	15	16	0	0	11506
5	9	10	0	0	11507
6	14	15	0	0	11507
8	4	5	0	0	11507
13	2	3	0	0	11507
5	14	15	0	0	11510
13	15	16	0	0	11512
0	2	3	0	0	11513
5	1	2	0	0	11513
9	13	14	0	0	11513
5	8	9	0	0	11514
6	1	2	0	0	11515
9	7	8	0	0	11515
11	15	16	0	0	11515
0	14	15	0	0	11517
11	5	6	0	0	11517
5	12	13	0	0	11518
5	2	3	0	0	11519
6	15	16	0	0	11519
13	3	4	0	0	11519
11	12	13	0	0	11520
9	15	16	0	0	11521
12	3	4	0	0	11521
13	8	9	0	0	11521
0	4	5	0	0	11523
12	9	10	0	0	11523
13	10	11	0	0	11523
0	5	6	0	0	11525
6	3	4	0	0	11526
13	11	12	0	0	11526
0	13	14	0	0	11527
13	6	7	0	0	11527
0	15	16	0	0	11529
1	5	6	0	0	11529
5	13	14	0	0	11529
0	1	2	0	0	11531
1	13	14	0	0	11531
10	13	14	0	0	11531
1	6	7	0	0	11533
3	14	15	0	0	11533
3	6	7	0	0	11535
8	14	15	0	0	11535
13	9	10	0	0	11535
13	1	2	0	0	11536
1	3	4	0	0	11537
3	9	10	0	0	11537
6	8	9	0	0	11538
1	1	2	0	0	11539
5	6	7	0	0	11539
11	14	15	0	0	11539
6	10	11	0	0	11540
12	14	15	0	0	11540
8	8	9	0	0	11541
10	14	15	0	0	11541
13	12	13	0	0	11541
6	2	3	0	0	11542
1	15	16	0	0	11543
8	10	11	0	0	11543
9	5	6	0	0	11543
12	2	3	0	0	11544
3	15	16	0	0	11545
6	4	5	0	0	11545
9	9	10	0	0	11545
9	0	1	0	0	11547
8	13	14	0	0	11549
9	4	5	0	0	11549
11	2	3	0	0	11549
13	14	15	0	0	11549
9	10	11	0	0	11551
10	6	7	0	0	11551
12	4	5	0	0	11551
9	14	15	0	0	11553
11	8	9	0	0	11554
10	15	16	0	0	11555
9	2	3	0	0	11556
11	10	11	0	0	11556
9	1	2	0	0	11557
13	7	8	0	0	11557
11	13	14	0	0	11558
12	7	8	0	0	11558
1	8	9	0	0	11559
11	4	5	0	0	11560
12	13	14	0	0	11560
0	10	11	0	0	11561
3	8	9	0	0	11561
6	5	6	0	0	11563
9	12	13	0	0	11563
8	15	16	0	0	11564
0	3	4	0	0	11565
3	12	13	0	0	11565
6	0	1	0	0	11565
8	5	6	0	0	11566
6	11	12	0	0	11567
8	0	1	0	0	11568
9	8	9	0	0	11568
0	12	13	0	0	11569
3	2	3	0	0	11570
10	5	6	0	0	11570
8	12	13	0	0	11571
3	3	4	0	0	11572
11	7	8	0	0	11572
9	11	12	0	0	11573
4	4	5	0	0	11574
5	10	11	0	0	11575
12	6	7	0	0	11575
0	6	7	0	0	11576
10	2	3	0	0	11576
3	0	1	0	0	11578
6	7	8	0	0	11578
10	9	10	0	0	11578
4	14	15	0	0	11579
8	2	3	0	0	11580
10	8	9	0	0	11580
12	12	13	0	0	11580
3	11	12	0	0	11582
9	6	7	0	0	11582
3	4	5	0	0	11584
8	9	10	0	0	11584
11	9	10	0	0	11584
0	7	8	0	0	11586
10	10	11	0	0	11586
11	3	4	0	0	11587
4	15	16	0	0	11588
5	7	8	0	0	11588
8	11	12	0	0	11588
3	7	8	0	0	11590
10	12	13	0	0	11590
3	13	14	0	0	11592
10	4	5	0	0	11592
3	5	6	0	0	11594
4	9	10	0	0	11594
4	12	13	0	0	11596
3	10	11	0	0	11598
10	11	12	0	0	11600
4	11	12	0	0	11602
5	11	12	0	0	11604
4	0	1	0	0	11616
8	1	2	0	0	11618
10	3	4	0	0	11620
4	1	2	0	0	11622
8	3	4	0	0	11624
4	2	3	0	0	11626
4	10	11	0	0	11628
4	3	4	0	0	11630
2	0	1	0	0	11632
4	13	14	0	0	11632
2	9	10	0	0	11634
2	14	15	0	0	11636
2	4	5	0	0	11638
2	12	13	0	0	11640
2	2	3	0	0	11642
2	13	14	0	0	11644
7	13	14	0	0	11645
2	3	4	0	0	11646
2	10	11	0	0	11648
2	15	16	0	0	11650
7	12	13	0	0	11650
10	7	8	0	0	11650
2	1	2	0	0	11652
8	6	7	0	0	11652
2	11	12	0	0	11654
4	5	6	0	0	11654
7	0	1	0	0	11654
7	1	2	0	0	11656
8	7	8	0	0	11656
4	7	8	0	0	11658
7	3	4	0	0	11658
4	6	7	0	0	11660
7	2	3	0	0	11660
4	8	9	0	0	11662
2	8	9	0	0	11664
2	5	6	0	0	11666
7	8	9	0	0	11668
2	6	7	0	0	11670
2	7	8	0	0	11672
7	9	10	0	0	11672
7	6	7	0	0	11674
7	10	11	0	0	11676
7	4	5	0	0	11678
7	11	12	0	0	11680
7	14	15	0	0	11682
7	5	6	0	0	11684
7	15	16	0	0	11686
7	7	8	0	0	11688
10	0	11479	0	0	17574
11	11	11499	0	0	17604
13	0	11473	0	0	17631
3	1	11489	0	0	17633
13	13	11493	0	0	17667
11	6	11494	0	0	17698
1	0	11458	0	0	17797
0	0	11487	0	0	17811
11	1	11506	0	0	17812
12	11	11501	0	0	17825
9	13	11514	0	0	17827
0	9	11506	0	0	17829
12	1	11504	0	0	17831
6	6	11506	0	0	17837
12	0	11499	0	0	17837
9	7	11516	0	0	17840
9	3	11500	0	0	17847
0	11	11476	0	0	17852
12	5	11496	0	0	17856
6	13	11484	0	0	17878
0	2	11514	0	0	17882
6	9	11482	0	0	17887
13	15	11513	0	0	17896
1	11	11464	0	0	17898
6	14	11508	0	0	17901
13	4	11485	0	0	17901
0	8	11498	0	0	17904
0	14	11518	0	0	17937
11	0	11471	0	0	17938
8	4	11508	0	0	17945
11	15	11516	0	0	17989
11	5	11518	0	0	18006
12	8	11467	0	0	18014
6	12	11495	0	0	18023
13	2	11508	0	0	18065
10	1	11502	0	0	18084
6	1	11516	0	0	18108
5	9	11508	0	0	18135
1	4	11493	0	0	18139
5	4	11500	0	0	18150
1	9	11480	0	0	18155
12	15	11507	0	0	18181
1	2	11475	0	0	18188
5	15	11503	0	0	18196
5	14	11511	0	0	18199
1	14	11491	0	0	18201
1	7	11502	0	0	18210
12	10	11478	0	0	18213
13	5	11505	0	0	18215
1	10	11497	0	0	18230
5	0	11477	0	0	18261
5	5	11482	0	0	18311
5	8	11515	0	0	18336
1	12	11505	0	0	18341
5	1	11514	0	0	18350
5	3	11495	0	0	18375
